INSERT INTO public.admin (created_date, id, last_modified_date, role, created_by, last_modified_by, password, username) VALUES ('2024-02-22 12:33:34.927520 +00:00', 2, '2024-02-22 12:33:34.927520 +00:00', 'EVENT_MANAGER', 'SYSTEM', 'SYSTEM', '$argon2id$v=19$m=16384,t=2,p=1$is6L2tFxTOZn9N3FarXz+Q$wKWGMCkpAs3HfgXPwyW/S/yvsXKrOaOpvuJu2MpAfeQ', 'admin2');
INSERT INTO public.admin (created_date, id, last_modified_date, role, created_by, last_modified_by, password, username) VALUES ('2024-02-22 12:31:19.929776 +00:00', 1, '2024-02-22 12:31:19.929776 +00:00', 'ADMINISTRATOR', 'SYSTEM', 'SYSTEM', '$argon2id$v=19$m=16384,t=2,p=1$e7SKFC/g5KAx27CNFEnkFg$IhHwtOY4xapr+o0Yp7e4iFcyGK56POdnw++5SteOpxs', 'superadmin');


INSERT INTO public.event_category (created_date, id, last_modified_date, created_by, last_modified_by, description, name) VALUES ('2024-02-17 18:58:44.385514 +00:00', 2, '2024-02-17 18:58:44.385514 +00:00', 'SYSTEM', 'SYSTEM', 'Premijere filmova', 'Film');
INSERT INTO public.event_category (created_date, id, last_modified_date, created_by, last_modified_by, description, name) VALUES ('2024-02-17 18:58:44.385514 +00:00', 3, '2024-02-17 18:58:44.385514 +00:00', 'SYSTEM', 'SYSTEM', 'Umetničke izložbe i događaji u galerijama', 'Galerija');
INSERT INTO public.event_category (created_date, id, last_modified_date, created_by, last_modified_by, description, name) VALUES ('2024-02-17 18:58:44.385514 +00:00', 4, '2024-02-17 18:58:44.385514 +00:00', 'SYSTEM', 'SYSTEM', 'Predstave u pozorištima', 'Pozorište');
INSERT INTO public.event_category (created_date, id, last_modified_date, created_by, last_modified_by, description, name) VALUES ('2024-02-17 18:58:44.385514 +00:00', 5, '2024-02-17 18:58:44.385514 +00:00', 'SYSTEM', 'SYSTEM', 'Edukativne radionice', 'Radionica');
INSERT INTO public.event_category (created_date, id, last_modified_date, created_by, last_modified_by, description, name) VALUES ('2024-02-17 18:58:44.385514 +00:00', 1, '2024-08-21 20:18:44.005546 +00:00', 'SYSTEM', 'admin2', 'Muzika koja se izvodi uživo', 'Koncert');




INSERT INTO public.event (created_date, date, id, last_modified_date, created_by, last_modified_by, description, location, title, weather_condition_availability) VALUES ('2024-07-08 15:55:45.615448 +00:00', '2024-09-11 22:00:00.000000 +00:00', 12, '2024-08-24 16:42:41.095546 +00:00', 'system', 'admin2', 'Premijera dokumentarnog filma o životinjama', 'Novi Sad', 'Premijera dokumentarnog filma', 'DRIZZLE;CLEAR;SNOW;RAIN');
INSERT INTO public.event (created_date, date, id, last_modified_date, created_by, last_modified_by, description, location, title, weather_condition_availability) VALUES ('2024-07-08 15:55:45.615448 +00:00', '2024-09-11 22:00:00.000000 +00:00', 3, '2024-09-08 09:45:43.508472 +00:00', 'system', 'admin2', 'Veče gledanja starih filmova.', 'Novi Sad', 'Film na otvorenom', 'CLEAR');
INSERT INTO public.event (created_date, date, id, last_modified_date, created_by, last_modified_by, description, location, title, weather_condition_availability) VALUES ('2024-07-08 15:55:45.615448 +00:00', '2024-09-11 22:00:00.000000 +00:00', 14, '2024-08-24 16:42:58.772780 +00:00', 'system', 'admin2', 'Predstava mladih glumaca', 'Novi Sad', 'Dramska predstava', 'DRIZZLE;CLEAR;SNOW;RAIN');
INSERT INTO public.event (created_date, date, id, last_modified_date, created_by, last_modified_by, description, location, title, weather_condition_availability) VALUES ('2024-07-08 15:55:45.615448 +00:00', '2024-09-11 22:00:00.000000 +00:00', 13, '2024-08-24 16:42:53.440759 +00:00', 'system', 'admin2', 'Vašar domaćih umetnika', 'Novi Sad', 'Umetnički vašar', 'DRIZZLE;CLEAR;SNOW;RAIN');
INSERT INTO public.event (created_date, date, id, last_modified_date, created_by, last_modified_by, description, location, title, weather_condition_availability) VALUES ('2024-07-08 15:55:45.615448 +00:00', '2024-09-11 22:00:00.000000 +00:00', 10, '2024-08-24 16:41:01.299591 +00:00', 'system', 'admin2', 'Početnička radionica italijanske kuhinje', 'Novi Sad', 'Radionica kuvanja', 'DRIZZLE;CLEAR;SNOW;RAIN');
INSERT INTO public.event (created_date, date, id, last_modified_date, created_by, last_modified_by, description, location, title, weather_condition_availability) VALUES ('2024-07-08 15:55:45.615448 +00:00', '2024-09-11 22:00:00.000000 +00:00', 15, '2024-08-24 16:43:44.041828 +00:00', 'system', 'admin2', 'Napredna radionica plesa', 'Novi Sad', 'Radionica plesa', 'DRIZZLE;CLEAR;SNOW;RAIN');
INSERT INTO public.event (created_date, date, id, last_modified_date, created_by, last_modified_by, description, location, title, weather_condition_availability) VALUES ('2024-07-08 15:55:45.615448 +00:00', '2024-09-11 22:00:00.000000 +00:00', 8, '2024-08-24 16:40:11.402534 +00:00', 'system', 'admin2', 'Izložba skulptura domaćih umetnika', 'Novi Sad', 'Galerija skulptura', 'DRIZZLE;CLEAR;SNOW;RAIN');
INSERT INTO public.event (created_date, date, id, last_modified_date, created_by, last_modified_by, description, location, title, weather_condition_availability) VALUES ('2024-07-08 15:55:45.615448 +00:00', '2024-09-11 22:00:00.000000 +00:00', 9, '2024-08-24 16:40:19.102352 +00:00', 'system', 'admin2', 'Veče stendap komedije', 'Kragujevac', 'Stendap komedija', 'DRIZZLE;CLEAR;SNOW;RAIN');
INSERT INTO public.event (created_date, date, id, last_modified_date, created_by, last_modified_by, description, location, title, weather_condition_availability) VALUES ('2024-07-08 15:55:45.615448 +00:00', '2024-09-11 22:00:00.000000 +00:00', 6, '2024-08-24 16:39:48.686523 +00:00', 'system', 'admin2', 'Džez muzika uživo', 'Šabac', 'Džez festival', 'CLEAR');
INSERT INTO public.event (created_date, date, id, last_modified_date, created_by, last_modified_by, description, location, title, weather_condition_availability) VALUES ('2024-07-08 15:55:45.615448 +00:00', '2024-09-11 22:00:00.000000 +00:00', 7, '2024-08-24 16:40:03.162645 +00:00', 'system', 'admin2', 'Gledanje klasičnih filmova naučne fantastike', 'Novi Sad', 'Filmski festival naučne fantastike', 'DRIZZLE;CLEAR;SNOW;RAIN');
INSERT INTO public.event (created_date, date, id, last_modified_date, created_by, last_modified_by, description, location, title, weather_condition_availability) VALUES ('2024-07-08 15:55:45.615448 +00:00', '2024-09-11 22:00:00.000000 +00:00', 4, '2024-08-24 16:39:25.847053 +00:00', 'system', 'admin2', 'Hamlet u pozorištu', 'Beograd', 'Šekspirova predstava', 'DRIZZLE;CLEAR;SNOW;RAIN');
INSERT INTO public.event (created_date, date, id, last_modified_date, created_by, last_modified_by, description, location, title, weather_condition_availability) VALUES ('2024-07-08 15:55:45.615448 +00:00', '2024-09-11 22:00:00.000000 +00:00', 5, '2024-09-08 10:04:08.730844 +00:00', 'system', 'admin2', 'Fotografisanje za početnike', 'Valjevo', 'Radionica fotografije', 'CLEAR;DRIZZLE;RAIN;SNOW');
INSERT INTO public.event (created_date, date, id, last_modified_date, created_by, last_modified_by, description, location, title, weather_condition_availability) VALUES ('2024-07-08 15:55:45.615448 +00:00', '2024-09-11 22:00:00.000000 +00:00', 11, '2024-09-08 10:07:58.953421 +00:00', 'system', 'admin2', 'Orkestarski performans', 'Beograd', 'Koncert klasične muzike', 'CLEAR');
INSERT INTO public.event (created_date, date, id, last_modified_date, created_by, last_modified_by, description, location, title, weather_condition_availability) VALUES ('2024-05-08 15:01:29.319000 +00:00', '2024-09-11 22:00:00.000000 +00:00', 1, '2024-09-08 10:09:59.537407 +00:00', 'system', 'admin2', 'Veče roka. I izmena opisa', 'Novi Sad', 'Rok koncert i izmena naslova', 'CLEAR;DRIZZLE');
INSERT INTO public.event (created_date, date, id, last_modified_date, created_by, last_modified_by, description, location, title, weather_condition_availability) VALUES ('2024-05-08 15:01:29.319354 +00:00', '2024-09-11 22:00:00.000000 +00:00', 2, '2024-09-08 10:10:41.577233 +00:00', 'system', 'admin2', 'Otvaranje izložbe moderne umetnosti. I izmena opisa', 'Novi Sad', 'Umetnička izložba', 'SNOW');


INSERT INTO public.image (created_date, event_id, id, last_modified_date, created_by, last_modified_by, name) VALUES ('2024-08-24 16:41:01.298538 +00:00', 10, 413, '2024-08-24 16:41:01.298538 +00:00', 'admin2', 'admin2', 'ca7669d2-a80b-497f-9f5a-363a8607e651_1724517661.jpg');
INSERT INTO public.image (created_date, event_id, id, last_modified_date, created_by, last_modified_by, name) VALUES ('2024-08-24 16:38:34.853017 +00:00', 1, 403, '2024-08-24 16:38:34.853017 +00:00', 'admin2', 'admin2', '17268ef8-fb8c-4fe4-b0e0-c9cd72bbc560_1724517486.jpg');
INSERT INTO public.image (created_date, event_id, id, last_modified_date, created_by, last_modified_by, name) VALUES ('2024-08-24 16:42:41.093970 +00:00', 12, 415, '2024-08-24 16:42:41.093970 +00:00', 'admin2', 'admin2', 'e77de988-a96f-4d25-90e2-beb98c25f14b_1724517761.jpeg');
INSERT INTO public.image (created_date, event_id, id, last_modified_date, created_by, last_modified_by, name) VALUES ('2024-08-24 16:42:53.439707 +00:00', 13, 416, '2024-08-24 16:42:53.439707 +00:00', 'admin2', 'admin2', '0fd7594e-d03b-4b4c-8972-28c93bc7f3a3_1724517773.jpg');
INSERT INTO public.image (created_date, event_id, id, last_modified_date, created_by, last_modified_by, name) VALUES ('2024-08-24 16:42:58.771751 +00:00', 14, 417, '2024-08-24 16:42:58.771751 +00:00', 'admin2', 'admin2', '34bff9b8-8a6f-4ff8-bb5f-b168610c57d8_1724517778.jpg');
INSERT INTO public.image (created_date, event_id, id, last_modified_date, created_by, last_modified_by, name) VALUES ('2024-08-24 16:43:44.041304 +00:00', 15, 418, '2024-08-24 16:43:44.041304 +00:00', 'admin2', 'admin2', '4aeecc24-b901-492f-b870-0c4ae907e774_1724517824.jpg');
INSERT INTO public.image (created_date, event_id, id, last_modified_date, created_by, last_modified_by, name) VALUES ('2024-08-24 16:39:17.689860 +00:00', 3, 406, '2024-08-24 16:39:17.689860 +00:00', 'admin2', 'admin2', '07c05ad4-4042-4e0c-8d84-bcd9ed5281bf_1724517557.jpg');
INSERT INTO public.image (created_date, event_id, id, last_modified_date, created_by, last_modified_by, name) VALUES ('2024-08-24 16:39:06.542319 +00:00', 2, 404, '2024-08-24 16:39:06.542319 +00:00', 'admin2', 'admin2', '1c8e2587-2715-488c-818b-e907e31fe768_1724517546.jpg');
INSERT INTO public.image (created_date, event_id, id, last_modified_date, created_by, last_modified_by, name) VALUES ('2024-08-24 16:39:06.544945 +00:00', 2, 405, '2024-08-24 16:39:06.544945 +00:00', 'admin2', 'admin2', '43bcb10f-a794-4bbb-be21-e7a44953a031_1724517546.jpg');
INSERT INTO public.image (created_date, event_id, id, last_modified_date, created_by, last_modified_by, name) VALUES ('2024-08-24 16:39:36.900809 +00:00', 5, 408, '2024-08-24 16:39:36.900809 +00:00', 'admin2', 'admin2', 'aa216f03-226f-4ecc-bc98-73b8e663b9a2_1724517576.jpg');
INSERT INTO public.image (created_date, event_id, id, last_modified_date, created_by, last_modified_by, name) VALUES ('2024-08-24 16:41:17.256291 +00:00', 11, 414, '2024-08-24 16:41:17.256291 +00:00', 'admin2', 'admin2', 'c6a61b7e-bef9-46ec-b00b-fb6a6cdb6e54_1724517677.jpg');
INSERT INTO public.image (created_date, event_id, id, last_modified_date, created_by, last_modified_by, name) VALUES ('2024-08-24 16:39:25.845402 +00:00', 4, 407, '2024-08-24 16:39:25.845402 +00:00', 'admin2', 'admin2', '0ba6c997-260f-4ed8-93e8-98331764daf7_1724517565.jpg');
INSERT INTO public.image (created_date, event_id, id, last_modified_date, created_by, last_modified_by, name) VALUES ('2024-08-24 16:38:34.838834 +00:00', 1, 402, '2024-08-24 16:38:34.838834 +00:00', 'admin2', 'admin2', '77866579-5071-4baf-ab3d-44c683b68e55_1724517508.jpg');
INSERT INTO public.image (created_date, event_id, id, last_modified_date, created_by, last_modified_by, name) VALUES ('2024-08-24 16:39:48.685474 +00:00', 6, 409, '2024-08-24 16:39:48.685474 +00:00', 'admin2', 'admin2', 'f0a13ba8-c7cd-40ec-8542-42a9dd5eac1a_1724517588.jpg');
INSERT INTO public.image (created_date, event_id, id, last_modified_date, created_by, last_modified_by, name) VALUES ('2024-08-24 16:40:03.161604 +00:00', 7, 410, '2024-08-24 16:40:03.161604 +00:00', 'admin2', 'admin2', '15a4c8a5-1b33-4bb3-8347-3fef2fe5f865_1724517603.jpg');
INSERT INTO public.image (created_date, event_id, id, last_modified_date, created_by, last_modified_by, name) VALUES ('2024-08-24 16:40:11.401479 +00:00', 8, 411, '2024-08-24 16:40:11.401479 +00:00', 'admin2', 'admin2', 'b2118181-7d42-40f5-8ad4-0d64146c072e_1724517611.jpg');
INSERT INTO public.image (created_date, event_id, id, last_modified_date, created_by, last_modified_by, name) VALUES ('2024-08-24 16:40:19.101294 +00:00', 9, 412, '2024-08-24 16:40:19.101294 +00:00', 'admin2', 'admin2', '0805f88a-f3ff-45c5-b51f-1ca02e78a768_1724517619.jpg');



INSERT INTO public.linked_categories (event_category_id, event_id) VALUES (1, 11);
INSERT INTO public.linked_categories (event_category_id, event_id) VALUES (1, 1);
INSERT INTO public.linked_categories (event_category_id, event_id) VALUES (3, 2);
INSERT INTO public.linked_categories (event_category_id, event_id) VALUES (4, 4);
INSERT INTO public.linked_categories (event_category_id, event_id) VALUES (1, 6);
INSERT INTO public.linked_categories (event_category_id, event_id) VALUES (2, 7);
INSERT INTO public.linked_categories (event_category_id, event_id) VALUES (3, 8);
INSERT INTO public.linked_categories (event_category_id, event_id) VALUES (4, 9);
INSERT INTO public.linked_categories (event_category_id, event_id) VALUES (5, 10);
INSERT INTO public.linked_categories (event_category_id, event_id) VALUES (2, 12);
INSERT INTO public.linked_categories (event_category_id, event_id) VALUES (3, 13);
INSERT INTO public.linked_categories (event_category_id, event_id) VALUES (4, 14);
INSERT INTO public.linked_categories (event_category_id, event_id) VALUES (5, 15);
INSERT INTO public.linked_categories (event_category_id, event_id) VALUES (2, 3);
INSERT INTO public.linked_categories (event_category_id, event_id) VALUES (5, 5);
